id,name,model_id:id,group_id:id,perm_read,perm_write,perm_create,perm_unlink
access_efund_forme_juridique,efund_forme_juridique,model_efund_forme_juridique,base.group_user,1,1,1,0
access_efund_secteur_activite,efund_secteur_activite,model_efund_secteur_activite,base.group_user,1,1,1,0
access_efund_statut_operationnel,efund_statut_operationnel,model_efund_statut_operationnel,base.group_user,1,1,1,0
access_efund_type_fonds,efund_type_fonds,model_efund_type_fonds,base.group_user,1,1,1,0
access_efund_fund,efund_fund,model_efund_fund,base.group_user,1,1,1,0
access_efund_fund_instrument,efund_fund_instrument,model_efund_fund_instrument,base.group_user,1,1,1,0
access_efund_fund_transaction,efund_fund_transaction,model_efund_fund_transaction,base.group_user,1,1,1,0
access_efund_fund_share_class,efund_fund_share_class,model_efund_fund_share_class,base.group_user,1,1,1,0
access_efund_fund_profile,efund_fund_profile,model_efund_fund_profile,base.group_user,1,1,1,0
access_fund_valuation_user,access_fund_valuation_user,model_efund_fund_valuation,base.group_user,1,1,1,0
access_fund_valuation_line_user,access_fund_valuation_line_user,model_efund_fund_valuation_line,base.group_user,1,1,1,0
access_fund_valuation_fee_user,access_fund_valuation_fee_user,model_efund_fund_valuation_fee,base.group_user,1,1,1,0
access_fund_valuation_log_user,access_fund_valuation_log_user,model_efund_fund_valuation_log,base.group_user,1,1,1,0
access_fund_report_regulatory_user,access_fund_report_regulatory_user,model_efund_fund_report_regulatory,base.group_user,1,1,1,0
access_fund_report_regulatory_manager,access_fund_report_regulatory_manager,model_efund_fund_report_regulatory,base.group_system,1,1,1,0
access_efund_investor,efund_investor,model_efund_investor,base.group_user,1,1,1,0
access_efund_kyc_document,access_efund_kyc_document,model_efund_kyc_document,base.group_user,1,1,1,0
access_efund_kyc_check,access_efund_kyc_check,model_efund_kyc_check,base.group_user,1,1,1,0
access_efund_aml_rule,access_efund_aml_rule,model_efund_aml_rule,base.group_user,1,1,1,0
access_efund_aml_alert,access_efund_aml_alert,model_efund_aml_alert,base.group_user,1,1,1,0
access_efund_investor_subscription,access_efund_investor_subscription,model_efund_investor_subscription,base.group_user,1,1,1,0
access_efund_management_company,access_efund_management_company,model_efund_management_company,base.group_user,1,1,1,0
access_efund_investor_part,access_efund_investor_part,model_efund_investor_part,base.group_user,1,1,1,0
access_efund_investor_position,access_efund_investor_position,model_efund_investor_position,base.group_user,1,1,1,0
access_efund_compliance_policy,access_efund_compliance_policy,model_efund_compliance_policy,base.group_user,1,1,1,0
access_efund_fund_valuation_log,access_efund_fund_valuation_log,model_efund_fund_valuation_log,base.group_user,1,1,1,0
access_efund_vehicule_instrument_issuer,access_efund_vehicule_instrument_issuer,model_efund_vehicule_instrument_issuer,base.group_user,1,1,1,0
access_efund_bond_amortization,access_efund_bond_amortization,model_efund_bond_amortization,base.group_user,1,1,1,1
access_efund_bond_amortization_wizard,access_efund_bond_amortization_wizard,model_efund_bond_amortization_wizard,base.group_user,1,1,1,0
access_efund_bond_coupon,access_efund_bond_coupon,model_efund_bond_coupon,base.group_user,1,1,1,1
access_efund_bond_yield_wizard,access_efund_bond_yield_wizard,model_efund_bond_yield_wizard,base.group_user,1,1,1,0
access_efund_fund_instrument_price_import,access_efund_fund_instrument_price_import,model_efund_fund_instrument_price_import,base.group_user,1,1,1,0
access_efund_fund_instrument_price_import_mapping,access_efund_fund_instrument_price_import_mapping,model_efund_fund_instrument_price_import_mapping,base.group_user,1,1,1,0
access_efund_position_wizard,access_efund_position_wizard,model_efund_position_wizard,base.group_user,1,1,1,0
access_efund_depositaire,access_efund_depositaire,model_efund_depositaire,base.group_user,1,1,1,0
access_efund_position_adjustment,access_efund_position_adjustment,model_efund_position_adjustment,base.group_user,1,1,1,0
access_efund_investor_part_move,access_efund_investor_part_move,model_efund_investor_part_move,base.group_user,1,1,1,0
access_efund_mandate_coupon,access_efund_mandate_coupon,model_efund_mandate_coupon,base.group_user,1,1,1,1
access_efund_mandate_termination_wizard,access_efund_mandate_termination_wizard,model_efund_mandate_termination_wizard,base.group_user,1,1,1,0
access_efund_confirm_action_wizard,access_efund_confirm_action_wizard,model_efund_confirm_action_wizard,base.group_user,1,1,1,0
access_efund_fund_type,access_efund_fund_type,model_efund_fund_type,base.group_user,1,1,1,0
access_efund_fund_type_allocation,access_efund_fund_type_allocation,model_efund_fund_type_allocation,base.group_user,1,1,1,0
access_efund_asset_class,access_efund_asset_class,model_efund_asset_class,base.group_user,1,1,1,0
access_efund_fund_cash,access_efund_fund_cash,model_efund_fund_cash,base.group_user,1,1,1,0
access_efund_fund_cash_move,access_efund_fund_cash_move,model_efund_fund_cash_move,base.group_user,1,1,1,0
access_efund_asset_trading_service,access_efund_asset_trading_service,model_efund_asset_trading_service,base.group_user,1,1,1,0
access_efund_cash_reconciliation_service,access_efund_cash_reconciliation_service,model_efund_cash_reconciliation_service,base.group_user,1,1,1,0
access_efund_investor_represented,access_efund_investor_represented,model_efund_investor_represented,base.group_user,1,1,1,0
access_efund_investor_intervention_mode,access_efund_investor_intervention_mode,model_efund_investor_intervention_mode,base.group_user,1,1,1,0
access_efund_investor_company_represented,access_efund_investor_company_represented,model_efund_investor_company_represented,base.group_user,1,1,1,0
access_efund_investor_operation_fee,access_efund_investor_operation_fee,model_efund_investor_operation_fee,base.group_user,1,1,1,0
access_efund_investor_portfolio_report_wizard,access_efund_investor_portfolio_report_wizard,model_efund_investor_portfolio_report_wizard,base.group_user,1,1,1,0
access_efund_bond_amortization_wizard_line,access_efund_bond_amortization_wizard_line,model_efund_bond_amortization_wizard_line,base.group_user,1,1,1,0
access_efund_fund_prudential_ratio,access_efund_fund_prudential_ratio,model_efund_fund_prudential_ratio,base.group_user,1,1,1,0
access_efund_fund_prudential_result,access_efund_fund_prudential_result,model_efund_fund_prudential_result,base.group_user,1,1,1,0
access_efund_fund_prudential_limit,access_efund_fund_prudential_limit,model_efund_fund_prudential_limit,base.group_user,1,1,1,0
access_efund_investor_heirs,access_efund_investor_heirs,model_efund_investor_heirs,base.group_user,1,1,1,0
access_efund_vehicule_expense,access_efund_vehicule_expense,model_efund_vehicule_expense,base.group_user,1,1,1,0
access_efund_debit_partner,access_efund_debit_partner,model_efund_debit_partner,base.group_user,1,1,1,0
access_efund_vehicule_instrument_fee_rule,access_efund_vehicule_instrument_fee_rule,model_efund_vehicule_instrument_fee_rule,base.group_user,1,1,1,0
access_efund_vehicule_fund,access_efund_vehicule_fund,model_efund_vehicule_fund,base.group_user,1,1,1,0
access_efund_vehicule_mandate,access_efund_vehicule_mandate,model_efund_vehicule_mandate,base.group_user,1,1,1,0
access_efund_vehicule,access_efund_vehicule,model_efund_vehicule,base.group_user,1,1,1,0
access_efund_bank,access_efund_bank,model_efund_bank,base.group_user,1,1,1,0
access_efund_investment_order,access_efund_investment_order,model_efund_investment_order,base.group_user,1,1,1,0
access_efund_investment_transaction,access_efund_investment_transaction,model_efund_investment_transaction,base.group_user,1,1,1,0
access_efund_investor_cash_account,access_efund_investor_cash_account,model_efund_investor_cash_account,base.group_user,1,1,1,0
access_efund_country_zone,access_efund_country_zone,model_efund_country_zone,base.group_user,1,1,1,0
access_efund_vehicule_mandate_rule,access_efund_vehicule_mandate_rule,model_efund_vehicule_mandate_rule,base.group_user,1,1,1,0
access_efund_investor_cash_account_move,access_efund_investor_cash_account_move,model_efund_investor_cash_account_move,base.group_user,1,1,1,0
access_efund_vehicule_mandat_deposit_wizard,access_efund_vehicule_mandat_deposit_wizard,model_efund_vehicule_mandat_deposit_wizard,base.group_user,1,1,1,0
access_efund_vehicule_cash,access_efund_vehicule_cash,model_efund_vehicule_cash,base.group_user,1,1,1,0
access_efund_vehicule_cash_move,access_efund_vehicule_cash_move,model_efund_vehicule_cash_move,base.group_user,1,1,1,0
access_efund_vehicule_instrument_core,access_efund_vehicule_instrument_core,model_efund_vehicule_instrument_core,base.group_user,1,1,1,0
access_efund_vehicule_instrument_core_bond,access_efund_vehicule_instrument_core_bond,model_efund_vehicule_instrument_core_bond,base.group_user,1,1,1,0
access_efund_vehicule_instrument_core_opcvm,access_efund_vehicule_instrument_core_opcvm,model_efund_vehicule_instrument_core_opcvm,base.group_user,1,1,1,0
access_efund_vehicule_instrument_core_equity,access_efund_vehicule_instrument_core_equity,model_efund_vehicule_instrument_core_equity,base.group_user,1,1,1,0
access_efund_vehicule_instrument_core_dat,access_efund_vehicule_instrument_core_dat,model_efund_vehicule_instrument_core_dat,base.group_user,1,1,1,0
access_efund_vehicule_portfolio,access_efund_vehicule_portfolio,model_efund_vehicule_portfolio,base.group_user,1,1,1,0
access_efund_vehicule_instrument_core_price,access_efund_vehicule_instrument_core_price,model_efund_vehicule_instrument_core_price,base.group_user,1,1,1,0
access_efund_instrument_import_price_wizard,access_efund_instrument_import_price_wizard,model_efund_instrument_import_price_wizard,base.group_user,1,1,1,0
access_efund_vehicule_cash_operation,access_efund_vehicule_cash_operation,model_efund_vehicule_cash_operation,base.group_user,1,1,1,0
access_efund_vehicule_instrument_fee,access_efund_vehicule_instrument_fee,model_efund_vehicule_instrument_fee,base.group_user,1,1,1,0
access_efund_vehicule_cashflow,access_efund_vehicule_cashflow,model_efund_vehicule_cashflow,base.group_user,1,1,1,1
access_efund_accounting_schema,access_efund_accounting_schema,model_efund_accounting_schema,base.group_user,1,1,1,0
access_efund_accounting_schema_line,access_efund_accounting_schema_line,model_efund_accounting_schema_line,base.group_user,1,1,1,0
access_efund_accounting_event,access_efund_accounting_event,model_efund_accounting_event,base.group_user,1,1,1,0
access_efund_investor_cash_operation,access_efund_investor_cash_operation,model_efund_investor_cash_operation,base.group_user,1,1,1,0
access_efund_company_number,access_efund_company_number,model_efund_company_number,base.group_user,1,1,1,0
access_efund_investor_part_account,access_efund_investor_part_account,model_efund_investor_part_account,base.group_user,1,1,1,0
access_efund_bond_simulation_wizard,access_efund_bond_simulation_wizard,model_efund_bond_simulation_wizard,base.group_user,1,1,1,0
access_efund_investor_join_fund_wizard,access_efund_investor_join_fund_wizard,model_efund_investor_join_fund_wizard,base.group_user,1,1,1,0
access_efund_vehicule_instrument_issuer_rating,access_efund_vehicule_instrument_issuer_rating,model_efund_vehicule_instrument_issuer_rating,base.group_user,1,1,1,0
access_efund_market_fee_config,access_efund_market_fee_config,model_efund_market_fee_config,base.group_user,1,1,1,0
access_efund_public_holiday,access_efund_public_holiday,model_efund_public_holiday,base.group_user,1,1,1,0
access_efund_event_type,access_efund_event_type,model_efund_event_type,base.group_user,1,1,1,0
access_efund_instrument_account,access_efund_instrument_account,model_efund_instrument_account,base.group_user,1,1,1,0
access_efund_service,access_efund_service,model_efund_service,base.group_user,1,1,1,0
access_efund_vehicule_mandate_performance_history,access_efund_vehicule_mandate_performance_history,model_efund_vehicule_mandate_performance_history,base.group_user,1,1,1,1
access_efund_opcvm_type,access_efund_opcvm_type,model_efund_opcvm_type,base.group_user,1,1,1,0
access_efund_portfolio_amortization_line,access_efund_portfolio_amortization_line,model_efund_portfolio_amortization_line,base.group_user,1,1,1,0
access_efund_nav_session,access_efund_nav_session,model_efund_nav_session,base.group_user,1,1,1,0
access_efund_nav_line,access_efund_nav_line,model_efund_nav_line,base.group_user,1,1,1,0
access_efund_fiscal_year,access_efund_fiscal_year,model_efund_fiscal_year,base.group_user,1,1,1,0
access_efund_vehicule_portfolio_history,access_efund_vehicule_portfolio_history,model_efund_vehicule_portfolio_history,base.group_user,1,1,1,0
access_efund_vehicule_portfolio_history_line,access_efund_vehicule_portfolio_history_line,efundOpc.model_efund_vehicule_portfolio_history_line,base.group_user,1,1,1,0
access_efund_vehicule_instrument_core_treasury,access_efund_vehicule_instrument_core_treasury,model_efund_vehicule_instrument_core_treasury,base.group_user,1,1,1,0
access_efund_performance_wizard,access_efund_performance_wizard,model_efund_performance_wizard,base.group_user,1,1,1,0